id,subject,unit,largeCategory,middleCategory,question,choice1,choice2,choice3,choice4,choice5,choice6,choice7,choice8,answer,explanation,tags,difficulty,enabled
commonimportant_ja_0001,英語,英単語 共通テスト頻出 和訳,基礎,,次の英単語の意味として最も適切なものを選びなさい: wrap,～を包む,～を好む,〜に借りがある,〜に感謝する,要求,～を断る,生じる,〜をほのめかす,1,wrap は「～を包む」という意味で使われます。,IT,2,true
commonimportant_ja_0002,英語,英単語 共通テスト頻出 和訳,基礎,,次の英単語の意味として最も適切なものを選びなさい: create,～を創造する,～を保護する,適切な,～を尊敬する,～を測る,～を含む,〜を分ける,～に影響を及ぼす,1,create は「～を創造する」という意味で使われます。,IT,2,true
commonimportant_ja_0003,英語,英単語 共通テスト頻出 和訳,基礎,,次の英単語の意味として最も適切なものを選びなさい: determine,〜を決める,凍る,～を観察する,用地,化学物質,〜を向上させる,集中する,不可欠な,1,determine は「〜を決める」という意味で使われます。,環境,2,true
commonimportant_ja_0004,英語,英単語 共通テスト頻出 和訳,基礎,,次の英単語の意味として最も適切なものを選びなさい: estimate,〜を見積もる,返答する,試み,〜を予期する,〜を説明する,当てはまる,特徴,証拠,1,estimate は「〜を見積もる」という意味で使われます。,経済,2,true
commonimportant_ja_0005,英語,英単語 共通テスト頻出 和訳,基礎,,次の英単語の意味として最も適切なものを選びなさい: contribute,貢献する,否定的な,～を信頼する,ためらう,材料,〜を納得させる,〜を見捨てる,個人の,1,contribute は「貢献する」という意味で使われます。,IT,2,true
commonimportant_ja_0006,英語,英単語 共通テスト頻出 和訳,基礎,,次の英単語の意味として最も適切なものを選びなさい: discover,～を発見する,失敗する,〜を確立する,主要な,〜を提供する,書類,様々な,〜に抵抗する,1,discover は「～を発見する」という意味で使われます。,経済,2,true
commonimportant_ja_0007,英語,英単語 共通テスト頻出 和訳,基礎,,次の英単語の意味として最も適切なものを選びなさい: illustrate,示す,〜を展示する,称賛する,正確な,成功する,～を延長する,迷惑をかける,問題,1,illustrate は「示す」という意味で使われます。,経済,2,true
commonimportant_ja_0008,英語,英単語 共通テスト頻出 和訳,基礎,,次の英単語の意味として最も適切なものを選びなさい: population,人口,～を破壊する,～を推薦する,苦しむ,～を反射する,扱う,特定の,きわめて重要な,1,population は「人口」という意味で使われます。,IT,2,true
commonimportant_ja_0009,英語,英単語 共通テスト頻出 和訳,基礎,,次の英単語の意味として最も適切なものを選びなさい: stretch,～を伸ばす,引退する,独特の,確信している,例,維持する,〜を避ける,さえぎる,1,stretch は「～を伸ばす」という意味で使われます。,環境,2,true
commonimportant_ja_0010,英語,英単語 共通テスト頻出 和訳,基礎,,次の英単語の意味として最も適切なものを選びなさい: exhibit,〜を展示する,重要な,たくましい,～を示す,〜を示唆する,〜を防ぐ,主張する,元,1,exhibit は「〜を展示する」という意味で使われます。,経済,2,true
commonimportant_ja_0011,英語,英単語 共通テスト頻出 和訳,基礎,,次の英単語の意味として最も適切なものを選びなさい: treat,〜を扱う,複雑な,〜を探検する,～を解放する,～を認識する,拡大する,参加する,ある特定の,1,treat は「〜を扱う」という意味で使われます。,IT,2,true
commonimportant_ja_0012,英語,英単語 共通テスト頻出 和訳,基礎,,次の英単語の意味として最も適切なものを選びなさい: prefer,～を好む,〜に借りがある,〜を暴露する,〜を示す,〜を必要とする,利用可能な,積極的な,さもなければ,1,prefer は「～を好む」という意味で使われます。,経済,2,true
commonimportant_ja_0013,英語,英単語 共通テスト頻出 和訳,基礎,,次の英単語の意味として最も適切なものを選びなさい: preserve,～を保護する,適切な,度,～を得る,～と主張する,年上の,～を無視する,十分な,1,preserve は「～を保護する」という意味で使われます。,環境,2,true
commonimportant_ja_0014,英語,英単語 共通テスト頻出 和訳,基礎,,次の英単語の意味として最も適切なものを選びなさい: freeze,凍る,～を観察する,～を比較する,～に食べ物を与える,苦労する,吸収する,大気,側面,1,freeze は「凍る」という意味で使われます。,経済,2,true
commonimportant_ja_0015,英語,英単語 共通テスト頻出 和訳,基礎,,次の英単語の意味として最も適切なものを選びなさい: respond,返答する,試み,～を調査する,～を許可する,～を求める,存在する,生の,莫大な,1,respond は「返答する」という意味で使われます。,IT,2,true
commonimportant_ja_0016,英語,英単語 共通テスト頻出 和訳,基礎,,次の英単語の意味として最も適切なものを選びなさい: negative,否定的な,～を信頼する,～を採用する,仕事,出会い,身体的な,～を組み合わせる,最終的に,1,negative は「否定的な」という意味で使われます。,経済,2,true
commonimportant_ja_0017,英語,英単語 共通テスト頻出 和訳,基礎,,次の英単語の意味として最も適切なものを選びなさい: fail,失敗する,〜を確立する,〜を予測する,態度,基本的な,～を取り去る,〜を捕らえる,とても小さな,1,fail は「失敗する」という意味で使われます。,IT,2,true
commonimportant_ja_0018,英語,英単語 共通テスト頻出 和訳,基礎,,次の英単語の意味として最も適切なものを選びなさい: display,〜を展示する,称賛する,〜に感謝する,理想的な,〜を取り囲む,利点,〜を引き出す,厳しい,1,display は「〜を展示する」という意味で使われます。,IT,2,true
commonimportant_ja_0019,英語,英単語 共通テスト頻出 和訳,基礎,,次の英単語の意味として最も適切なものを選びなさい: destroy,～を破壊する,～を推薦する,～を尊敬する,～を解決する,影響,前の,～を確認する,～を非難する,1,destroy は「～を破壊する」という意味で使われます。,IT,2,true
commonimportant_ja_0020,英語,英単語 共通テスト頻出 和訳,基礎,,次の英単語の意味として最も適切なものを選びなさい: retire,引退する,独特の,用地,楽しい,古代の,一節,種,見方,1,retire は「引退する」という意味で使われます。,環境,2,true
commonimportant_ja_0021,英語,英単語 共通テスト頻出 和訳,基礎,,次の英単語の意味として最も適切なものを選びなさい: significant,重要な,たくましい,〜を予期する,〜を認める,〜するつもりだ,～を達成する,視力,〜を区別する,1,significant は「重要な」という意味で使われます。,環境,2,true
commonimportant_ja_0022,英語,英単語 共通テスト頻出 和訳,基礎,,次の英単語の意味として最も適切なものを選びなさい: complex,複雑な,〜を探検する,ためらう,～について言及する,〜を操作する,減少,急速な,要因,1,complex は「複雑な」という意味で使われます。,IT,2,true
commonimportant_ja_0023,英語,英単語 共通テスト頻出 和訳,基礎,,次の英単語の意味として最も適切なものを選びなさい: owe,〜に借りがある,〜を暴露する,主要な,能率的な,政府,～を雇う,異なる,～と結論を下す,1,owe は「〜に借りがある」という意味で使われます。,IT,2,true
commonimportant_ja_0024,英語,英単語 共通テスト頻出 和訳,基礎,,次の英単語の意味として最も適切なものを選びなさい: appropriate,適切な,度,正確な,要求,〜に取って代わる,〜が誰だかわかる,代替案,～を計算する,1,appropriate は「適切な」という意味で使われます。,環境,2,true
commonimportant_ja_0025,英語,英単語 共通テスト頻出 和訳,基礎,,次の英単語の意味として最も適切なものを選びなさい: observe,～を観察する,～を比較する,苦しむ,～を測る,役割,敏感な,著者,現代の,1,observe は「～を観察する」という意味で使われます。,経済,2,true
commonimportant_ja_0026,英語,英単語 共通テスト頻出 和訳,基礎,,次の英単語の意味として最も適切なものを選びなさい: attempt,試み,～を調査する,確信している,化学物質,〜に気づく,不足,職業,～を変える,1,attempt は「試み」という意味で使われます。,経済,2,true
commonimportant_ja_0027,英語,英単語 共通テスト頻出 和訳,基礎,,次の英単語の意味として最も適切なものを選びなさい: trust,～を信頼する,～を採用する,～を示す,〜を説明する,〜を引きつける,価値,気づいている,年に１度の,1,trust は「～を信頼する」という意味で使われます。,経済,2,true
commonimportant_ja_0028,英語,英単語 共通テスト頻出 和訳,基礎,,次の英単語の意味として最も適切なものを選びなさい: establish,〜を確立する,〜を予測する,～を解放する,材料,記事,〜を代表する,～と一緒に行く,行動,1,establish は「〜を確立する」という意味で使われます。,経済,2,true
commonimportant_ja_0029,英語,英単語 共通テスト頻出 和訳,基礎,,次の英単語の意味として最も適切なものを選びなさい: admire,称賛する,〜に感謝する,〜を示す,〜を提供する,回復する,〜を注ぐ,〜に専念する,結果,1,admire は「称賛する」という意味で使われます。,経済,2,true
commonimportant_ja_0030,英語,英単語 共通テスト頻出 和訳,基礎,,次の英単語の意味として最も適切なものを選びなさい: recommend,～を推薦する,～を尊敬する,～を得る,成功する,～を断る,概念,施設,目に見える,1,recommend は「～を推薦する」という意味で使われます。,環境,2,true
commonimportant_ja_0031,英語,英単語 共通テスト頻出 和訳,基礎,,次の英単語の意味として最も適切なものを選びなさい: unique,独特の,用地,～に食べ物を与える,～を反射する,～を含む,病気,装置,気前のよい,1,unique は「独特の」という意味で使われます。,環境,2,true
commonimportant_ja_0032,英語,英単語 共通テスト頻出 和訳,基礎,,次の英単語の意味として最も適切なものを選びなさい: tough,たくましい,〜を予期する,～を許可する,例,〜を向上させる,～に影響を与える,利益,特定する,1,tough は「たくましい」という意味で使われます。,経済,2,true
commonimportant_ja_0033,英語,英単語 共通テスト頻出 和訳,基礎,,次の英単語の意味として最も適切なものを選びなさい: explore,〜を探検する,ためらう,仕事,〜を示唆する,当てはまる,含む,表面,多数の,1,explore は「〜を探検する」という意味で使われます。,経済,2,true
commonimportant_ja_0034,英語,英単語 共通テスト頻出 和訳,基礎,,次の英単語の意味として最も適切なものを選びなさい: expose,〜を暴露する,主要な,態度,～を認識する,〜を納得させる,含む,強いる,～を包む,1,expose は「〜を暴露する」という意味で使われます。,環境,2,true
commonimportant_ja_0035,英語,英単語 共通テスト頻出 和訳,基礎,,次の英単語の意味として最も適切なものを選びなさい: degree,度,正確な,理想的な,〜を必要とする,書類,～を促す,調査,～を創造する,1,degree は「度」という意味で使われます。,経済,2,true
commonimportant_ja_0036,英語,英単語 共通テスト頻出 和訳,基礎,,次の英単語の意味として最も適切なものを選びなさい: compare,～を比較する,苦しむ,～を解決する,～と主張する,～を延長する,生じる,機会,〜を決める,1,compare は「～を比較する」という意味で使われます。,経済,2,true
commonimportant_ja_0037,英語,英単語 共通テスト頻出 和訳,基礎,,次の英単語の意味として最も適切なものを選びなさい: examine,～を調査する,確信している,楽しい,苦労する,扱う,〜を分ける,地域,〜を見積もる,1,examine は「～を調査する」という意味で使われます。,経済,2,true
commonimportant_ja_0038,英語,英単語 共通テスト頻出 和訳,基礎,,次の英単語の意味として最も適切なものを選びなさい: adopt,～を採用する,～を示す,〜を認める,～を求める,維持する,集中する,同等のもの,貢献する,1,adopt は「～を採用する」という意味で使われます。,経済,2,true
commonimportant_ja_0039,英語,英単語 共通テスト頻出 和訳,基礎,,次の英単語の意味として最も適切なものを選びなさい: predict,〜を予測する,～を解放する,～について言及する,出会い,〜を防ぐ,特徴,主要な,～を発見する,1,predict は「〜を予測する」という意味で使われます。,環境,2,true
commonimportant_ja_0040,英語,英単語 共通テスト頻出 和訳,基礎,,次の英単語の意味として最も適切なものを選びなさい: appreciate,〜に感謝する,〜を示す,能率的な,基本的な,拡大する,〜を見捨てる,利点,示す,1,appreciate は「〜に感謝する」という意味で使われます。,IT,2,true
commonimportant_ja_0041,英語,英単語 共通テスト頻出 和訳,基礎,,次の英単語の意味として最も適切なものを選びなさい: respect,～を尊敬する,～を得る,要求,〜を取り囲む,利用可能な,様々な,厳しい,人口,1,respect は「～を尊敬する」という意味で使われます。,経済,2,true
commonimportant_ja_0042,英語,英単語 共通テスト頻出 和訳,基礎,,次の英単語の意味として最も適切なものを選びなさい: site,用地,～に食べ物を与える,～を測る,影響,年上の,迷惑をかける,〜をほのめかす,～を伸ばす,1,site は「用地」という意味で使われます。,IT,2,true
commonimportant_ja_0043,英語,英単語 共通テスト頻出 和訳,基礎,,次の英単語の意味として最も適切なものを選びなさい: expect,〜を予期する,～を許可する,化学物質,古代の,吸収する,特定の,～に影響を及ぼす,〜を展示する,1,expect は「〜を予期する」という意味で使われます。,IT,2,true
commonimportant_ja_0044,英語,英単語 共通テスト頻出 和訳,基礎,,次の英単語の意味として最も適切なものを選びなさい: hesitate,ためらう,仕事,〜を説明する,〜するつもりだ,存在する,〜を避ける,不可欠な,〜を扱う,1,hesitate は「ためらう」という意味で使われます。,環境,2,true
commonimportant_ja_0045,英語,英単語 共通テスト頻出 和訳,基礎,,次の英単語の意味として最も適切なものを選びなさい: major,主要な,態度,材料,〜を操作する,身体的な,主張する,証拠,～を好む,1,major は「主要な」という意味で使われます。,環境,2,true
commonimportant_ja_0046,英語,英単語 共通テスト頻出 和訳,基礎,,次の英単語の意味として最も適切なものを選びなさい: accurate,正確な,理想的な,〜を提供する,政府,～を取り去る,参加する,個人の,～を保護する,1,accurate は「正確な」という意味で使われます。,環境,2,true
commonimportant_ja_0047,英語,英単語 共通テスト頻出 和訳,基礎,,次の英単語の意味として最も適切なものを選びなさい: suffer,苦しむ,～を解決する,成功する,〜に取って代わる,利点,積極的な,〜に抵抗する,凍る,1,suffer は「苦しむ」という意味で使われます。,環境,2,true
commonimportant_ja_0048,英語,英単語 共通テスト頻出 和訳,基礎,,次の英単語の意味として最も適切なものを選びなさい: certain,確信している,楽しい,～を反射する,役割,前の,～を無視する,問題,返答する,1,certain は「確信している」という意味で使われます。,IT,2,true
commonimportant_ja_0049,英語,英単語 共通テスト頻出 和訳,基礎,,次の英単語の意味として最も適切なものを選びなさい: indicate,～を示す,〜を認める,例,〜に気づく,一節,大気,きわめて重要な,否定的な,1,indicate は「～を示す」という意味で使われます。,経済,2,true
commonimportant_ja_0050,英語,英単語 共通テスト頻出 和訳,基礎,,次の英単語の意味として最も適切なものを選びなさい: release,～を解放する,～について言及する,〜を示唆する,〜を引きつける,～を達成する,生の,さえぎる,失敗する,1,release は「～を解放する」という意味で使われます。,経済,2,true
commonimportant_ja_0051,英語,英単語 共通テスト頻出 和訳,基礎,,次の英単語の意味として最も適切なものを選びなさい: demonstrate,〜を示す,能率的な,～を認識する,記事,減少,～を組み合わせる,元,〜を展示する,1,demonstrate は「〜を示す」という意味で使われます。,経済,3,true
commonimportant_ja_0052,英語,英単語 共通テスト頻出 和訳,基礎,,次の英単語の意味として最も適切なものを選びなさい: obtain,～を得る,要求,〜を必要とする,回復する,～を雇う,〜を捕らえる,ある特定の,～を破壊する,1,obtain は「～を得る」という意味で使われます。,IT,3,true
commonimportant_ja_0053,英語,英単語 共通テスト頻出 和訳,基礎,,次の英単語の意味として最も適切なものを選びなさい: feed,～に食べ物を与える,～を測る,～と主張する,～を断る,〜が誰だかわかる,〜を引き出す,さもなければ,引退する,1,feed は「～に食べ物を与える」という意味で使われます。,経済,3,true
commonimportant_ja_0054,英語,英単語 共通テスト頻出 和訳,基礎,,次の英単語の意味として最も適切なものを選びなさい: allow,～を許可する,化学物質,苦労する,～を含む,敏感な,～を確認する,十分な,重要な,1,allow は「～を許可する」という意味で使われます。,環境,3,true
commonimportant_ja_0055,英語,英単語 共通テスト頻出 和訳,基礎,,次の英単語の意味として最も適切なものを選びなさい: task,仕事,〜を説明する,～を求める,〜を向上させる,不足,種,側面,複雑な,1,task は「仕事」という意味で使われます。,環境,3,true
commonimportant_ja_0056,英語,英単語 共通テスト頻出 和訳,基礎,,次の英単語の意味として最も適切なものを選びなさい: attitude,態度,材料,出会い,当てはまる,価値,視力,莫大な,〜に借りがある,1,attitude は「態度」という意味で使われます。,IT,3,true
commonimportant_ja_0057,英語,英単語 共通テスト頻出 和訳,基礎,,次の英単語の意味として最も適切なものを選びなさい: ideal,理想的な,〜を提供する,基本的な,〜を納得させる,〜を代表する,急速な,最終的に,適切な,1,ideal は「理想的な」という意味で使われます。,IT,3,true
commonimportant_ja_0058,英語,英単語 共通テスト頻出 和訳,基礎,,次の英単語の意味として最も適切なものを選びなさい: solve,～を解決する,成功する,〜を取り囲む,書類,〜を注ぐ,異なる,とても小さな,～を観察する,1,solve は「～を解決する」という意味で使われます。,IT,3,true
commonimportant_ja_0059,英語,英単語 共通テスト頻出 和訳,基礎,,次の英単語の意味として最も適切なものを選びなさい: pleasant,楽しい,～を反射する,影響,～を延長する,概念,代替案,厳しい,試み,1,pleasant は「楽しい」という意味で使われます。,IT,3,true
commonimportant_ja_0060,英語,英単語 共通テスト頻出 和訳,基礎,,次の英単語の意味として最も適切なものを選びなさい: admit,〜を認める,例,古代の,扱う,病気,著者,～を非難する,～を信頼する,1,admit は「〜を認める」という意味で使われます。,経済,3,true
commonimportant_ja_0061,英語,英単語 共通テスト頻出 和訳,基礎,,次の英単語の意味として最も適切なものを選びなさい: mention,～について言及する,〜を示唆する,〜するつもりだ,維持する,～に影響を与える,職業,見方,〜を確立する,1,mention は「～について言及する」という意味で使われます。,環境,3,true
commonimportant_ja_0062,英語,英単語 共通テスト頻出 和訳,基礎,,次の英単語の意味として最も適切なものを選びなさい: efficient,能率的な,～を認識する,〜を操作する,〜を防ぐ,含む,気づいている,〜を区別する,称賛する,1,efficient は「能率的な」という意味で使われます。,経済,3,true
commonimportant_ja_0063,英語,英単語 共通テスト頻出 和訳,基礎,,次の英単語の意味として最も適切なものを選びなさい: demand,要求,〜を必要とする,政府,拡大する,含む,～と一緒に行く,要因,～を推薦する,1,demand は「要求」という意味で使われます。,経済,3,true
commonimportant_ja_0064,英語,英単語 共通テスト頻出 和訳,基礎,,次の英単語の意味として最も適切なものを選びなさい: measure,～を測る,～と主張する,〜に取って代わる,利用可能な,～を促す,〜に専念する,～と結論を下す,独特の,1,measure は「～を測る」という意味で使われます。,IT,3,true
commonimportant_ja_0065,英語,英単語 共通テスト頻出 和訳,基礎,,次の英単語の意味として最も適切なものを選びなさい: chemical,化学物質,苦労する,役割,年上の,生じる,施設,～を計算する,たくましい,1,chemical は「化学物質」という意味で使われます。,環境,3,true
commonimportant_ja_0066,英語,英単語 共通テスト頻出 和訳,基礎,,次の英単語の意味として最も適切なものを選びなさい: describe,〜を説明する,～を求める,〜に気づく,吸収する,〜を分ける,装置,現代の,〜を探検する,1,describe は「〜を説明する」という意味で使われます。,経済,3,true
commonimportant_ja_0067,英語,英単語 共通テスト頻出 和訳,基礎,,次の英単語の意味として最も適切なものを選びなさい: material,材料,出会い,〜を引きつける,存在する,集中する,利益,～を変える,〜を暴露する,1,material は「材料」という意味で使われます。,IT,3,true
commonimportant_ja_0068,英語,英単語 共通テスト頻出 和訳,標準,,次の英単語の意味として最も適切なものを選びなさい: provide,〜を提供する,基本的な,記事,身体的な,特徴,表面,年に１度の,度,1,provide は「〜を提供する」という意味で使われます。,経済,3,true
commonimportant_ja_0069,英語,英単語 共通テスト頻出 和訳,標準,,次の英単語の意味として最も適切なものを選びなさい: succeed,成功する,〜を取り囲む,回復する,～を取り去る,〜を見捨てる,強いる,行動,～を比較する,1,succeed は「成功する」という意味で使われます。,環境,3,true
commonimportant_ja_0070,英語,英単語 共通テスト頻出 和訳,標準,,次の英単語の意味として最も適切なものを選びなさい: reflect,～を反射する,影響,～を断る,利点,様々な,調査,結果,～を調査する,1,reflect は「～を反射する」という意味で使われます。,環境,3,true
commonimportant_ja_0071,英語,英単語 共通テスト頻出 和訳,標準,,次の英単語の意味として最も適切なものを選びなさい: instance,例,古代の,～を含む,前の,迷惑をかける,機会,目に見える,～を採用する,1,instance は「例」という意味で使われます。,IT,3,true
commonimportant_ja_0072,英語,英単語 共通テスト頻出 和訳,標準,,次の英単語の意味として最も適切なものを選びなさい: suggest,〜を示唆する,〜するつもりだ,〜を向上させる,一節,特定の,地域,気前のよい,〜を予測する,1,suggest は「〜を示唆する」という意味で使われます。,経済,3,true
commonimportant_ja_0073,英語,英単語 共通テスト頻出 和訳,標準,,次の英単語の意味として最も適切なものを選びなさい: perceive,～を認識する,〜を操作する,当てはまる,～を達成する,〜を避ける,同等のもの,特定する,〜に感謝する,1,perceive は「～を認識する」という意味で使われます。,経済,3,true
commonimportant_ja_0074,英語,英単語 共通テスト頻出 和訳,標準,,次の英単語の意味として最も適切なものを選びなさい: require,〜を必要とする,政府,〜を納得させる,減少,主張する,主要な,多数の,～を尊敬する,1,require は「〜を必要とする」という意味で使われます。,環境,3,true
commonimportant_ja_0075,英語,英単語 共通テスト頻出 和訳,標準,,次の英単語の意味として最も適切なものを選びなさい: argue,～と主張する,〜に取って代わる,書類,～を雇う,参加する,利点,～を包む,用地,1,argue は「～と主張する」という意味で使われます。,IT,3,true
commonimportant_ja_0076,英語,英単語 共通テスト頻出 和訳,標準,,次の英単語の意味として最も適切なものを選びなさい: struggle,苦労する,役割,～を延長する,〜が誰だかわかる,積極的な,厳しい,～を創造する,〜を予期する,1,struggle は「苦労する」という意味で使われます。,IT,3,true
commonimportant_ja_0077,英語,英単語 共通テスト頻出 和訳,標準,,次の英単語の意味として最も適切なものを選びなさい: seek,～を求める,〜に気づく,扱う,敏感な,～を無視する,〜をほのめかす,〜を決める,ためらう,1,seek は「～を求める」という意味で使われます。,IT,3,true
commonimportant_ja_0078,英語,英単語 共通テスト頻出 和訳,標準,,次の英単語の意味として最も適切なものを選びなさい: encounter,出会い,〜を引きつける,維持する,不足,大気,～に影響を及ぼす,〜を見積もる,主要な,1,encounter は「出会い」という意味で使われます。,IT,3,true
commonimportant_ja_0079,英語,英単語 共通テスト頻出 和訳,標準,,次の英単語の意味として最も適切なものを選びなさい: fundamental,基本的な,記事,〜を防ぐ,価値,生の,不可欠な,貢献する,正確な,1,fundamental は「基本的な」という意味で使われます。,環境,3,true
commonimportant_ja_0080,英語,英単語 共通テスト頻出 和訳,標準,,次の英単語の意味として最も適切なものを選びなさい: surround,〜を取り囲む,回復する,拡大する,〜を代表する,～を組み合わせる,証拠,～を発見する,苦しむ,1,surround は「〜を取り囲む」という意味で使われます。,IT,3,true
commonimportant_ja_0081,英語,英単語 共通テスト頻出 和訳,標準,,次の英単語の意味として最も適切なものを選びなさい: effect,影響,～を断る,利用可能な,〜を注ぐ,〜を捕らえる,個人の,示す,確信している,1,effect は「影響」という意味で使われます。,環境,3,true
commonimportant_ja_0082,英語,英単語 共通テスト頻出 和訳,標準,,次の英単語の意味として最も適切なものを選びなさい: ancient,古代の,～を含む,年上の,概念,〜を引き出す,〜に抵抗する,人口,～を示す,1,ancient は「古代の」という意味で使われます。,環境,3,true
commonimportant_ja_0083,英語,英単語 共通テスト頻出 和訳,標準,,次の英単語の意味として最も適切なものを選びなさい: intend,〜するつもりだ,〜を向上させる,吸収する,病気,～を確認する,問題,～を伸ばす,～を解放する,1,intend は「〜するつもりだ」という意味で使われます。,環境,3,true
commonimportant_ja_0084,英語,英単語 共通テスト頻出 和訳,標準,,次の英単語の意味として最も適切なものを選びなさい: operate,〜を操作する,当てはまる,存在する,～に影響を与える,種,きわめて重要な,〜を展示する,〜を示す,1,operate は「〜を操作する」という意味で使われます。,経済,3,true
commonimportant_ja_0085,英語,英単語 共通テスト頻出 和訳,標準,,次の英単語の意味として最も適切なものを選びなさい: government,政府,〜を納得させる,身体的な,含む,視力,さえぎる,〜を扱う,～を得る,1,government は「政府」という意味で使われます。,IT,3,true
commonimportant_ja_0086,英語,英単語 共通テスト頻出 和訳,標準,,次の英単語の意味として最も適切なものを選びなさい: replace,〜に取って代わる,書類,～を取り去る,含む,急速な,元,～を好む,～に食べ物を与える,1,replace は「〜に取って代わる」という意味で使われます。,環境,3,true
commonimportant_ja_0087,英語,英単語 共通テスト頻出 和訳,標準,,次の英単語の意味として最も適切なものを選びなさい: role,役割,～を延長する,利点,～を促す,異なる,ある特定の,～を保護する,～を許可する,1,role は「役割」という意味で使われます。,経済,3,true
commonimportant_ja_0088,英語,英単語 共通テスト頻出 和訳,標準,,次の英単語の意味として最も適切なものを選びなさい: realize,〜に気づく,扱う,前の,生じる,代替案,さもなければ,凍る,仕事,1,realize は「〜に気づく」という意味で使われます。,IT,3,true
commonimportant_ja_0089,英語,英単語 共通テスト頻出 和訳,標準,,次の英単語の意味として最も適切なものを選びなさい: attract,〜を引きつける,維持する,一節,〜を分ける,著者,十分な,返答する,態度,1,attract は「〜を引きつける」という意味で使われます。,経済,3,true
commonimportant_ja_0090,英語,英単語 共通テスト頻出 和訳,標準,,次の英単語の意味として最も適切なものを選びなさい: article,記事,〜を防ぐ,～を達成する,集中する,職業,側面,否定的な,理想的な,1,article は「記事」という意味で使われます。,経済,3,true
commonimportant_ja_0091,英語,英単語 共通テスト頻出 和訳,標準,,次の英単語の意味として最も適切なものを選びなさい: recover,回復する,拡大する,減少,特徴,気づいている,莫大な,失敗する,～を解決する,1,recover は「回復する」という意味で使われます。,経済,3,true
commonimportant_ja_0092,英語,英単語 共通テスト頻出 和訳,標準,,次の英単語の意味として最も適切なものを選びなさい: refuse,～を断る,利用可能な,～を雇う,〜を見捨てる,～と一緒に行く,最終的に,〜を展示する,楽しい,1,refuse は「～を断る」という意味で使われます。,経済,3,true
commonimportant_ja_0093,英語,英単語 共通テスト頻出 和訳,標準,,次の英単語の意味として最も適切なものを選びなさい: include,～を含む,年上の,〜が誰だかわかる,様々な,〜に専念する,とても小さな,～を破壊する,〜を認める,1,include は「～を含む」という意味で使われます。,経済,3,true
commonimportant_ja_0094,英語,英単語 共通テスト頻出 和訳,標準,,次の英単語の意味として最も適切なものを選びなさい: improve,〜を向上させる,吸収する,敏感な,迷惑をかける,施設,厳しい,引退する,～について言及する,1,improve は「〜を向上させる」という意味で使われます。,経済,3,true
commonimportant_ja_0095,英語,英単語 共通テスト頻出 和訳,標準,,次の英単語の意味として最も適切なものを選びなさい: apply,当てはまる,存在する,不足,特定の,装置,～を非難する,重要な,能率的な,1,apply は「当てはまる」という意味で使われます。,IT,3,true
commonimportant_ja_0096,英語,英単語 共通テスト頻出 和訳,標準,,次の英単語の意味として最も適切なものを選びなさい: convince,〜を納得させる,身体的な,価値,〜を避ける,利益,見方,複雑な,要求,1,convince は「〜を納得させる」という意味で使われます。,IT,3,true
commonimportant_ja_0097,英語,英単語 共通テスト頻出 和訳,標準,,次の英単語の意味として最も適切なものを選びなさい: document,書類,～を取り去る,〜を代表する,主張する,表面,〜を区別する,〜に借りがある,～を測る,1,document は「書類」という意味で使われます。,経済,3,true
commonimportant_ja_0098,英語,英単語 共通テスト頻出 和訳,標準,,次の英単語の意味として最も適切なものを選びなさい: extend,～を延長する,利点,〜を注ぐ,参加する,強いる,要因,適切な,化学物質,1,extend は「～を延長する」という意味で使われます。,環境,3,true
commonimportant_ja_0099,英語,英単語 共通テスト頻出 和訳,標準,,次の英単語の意味として最も適切なものを選びなさい: deal,扱う,前の,概念,積極的な,調査,～と結論を下す,～を観察する,〜を説明する,1,deal は「扱う」という意味で使われます。,IT,3,true
commonimportant_ja_0100,英語,英単語 共通テスト頻出 和訳,標準,,次の英単語の意味として最も適切なものを選びなさい: maintain,維持する,一節,病気,～を無視する,機会,～を計算する,試み,材料,1,maintain は「維持する」という意味で使われます。,環境,3,true
commonimportant_ja_0101,英語,英単語 共通テスト頻出 和訳,標準,,次の英単語の意味として最も適切なものを選びなさい: prevent,〜を防ぐ,～を達成する,～に影響を与える,大気,地域,現代の,～を信頼する,〜を提供する,1,prevent は「〜を防ぐ」という意味で使われます。,環境,4,true
commonimportant_ja_0102,英語,英単語 共通テスト頻出 和訳,標準,,次の英単語の意味として最も適切なものを選びなさい: expand,拡大する,減少,含む,生の,同等のもの,～を変える,〜を確立する,成功する,1,expand は「拡大する」という意味で使われます。,IT,4,true
commonimportant_ja_0103,英語,英単語 共通テスト頻出 和訳,標準,,次の英単語の意味として最も適切なものを選びなさい: available,利用可能な,～を雇う,含む,～を組み合わせる,主要な,年に１度の,称賛する,～を反射する,1,available は「利用可能な」という意味で使われます。,経済,4,true
commonimportant_ja_0104,英語,英単語 共通テスト頻出 和訳,標準,,次の英単語の意味として最も適切なものを選びなさい: senior,年上の,〜が誰だかわかる,～を促す,〜を捕らえる,利点,行動,～を推薦する,例,1,senior は「年上の」という意味で使われます。,経済,4,true
commonimportant_ja_0105,英語,英単語 共通テスト頻出 和訳,標準,,次の英単語の意味として最も適切なものを選びなさい: absorb,吸収する,敏感な,生じる,〜を引き出す,厳しい,結果,独特の,〜を示唆する,1,absorb は「吸収する」という意味で使われます。,環境,4,true
commonimportant_ja_0106,英語,英単語 共通テスト頻出 和訳,標準,,次の英単語の意味として最も適切なものを選びなさい: exist,存在する,不足,〜を分ける,～を確認する,〜をほのめかす,目に見える,たくましい,～を認識する,1,exist は「存在する」という意味で使われます。,経済,4,true
commonimportant_ja_0107,英語,英単語 共通テスト頻出 和訳,標準,,次の英単語の意味として最も適切なものを選びなさい: physical,身体的な,価値,集中する,種,～に影響を及ぼす,気前のよい,〜を探検する,〜を必要とする,1,physical は「身体的な」という意味で使われます。,環境,4,true
commonimportant_ja_0108,英語,英単語 共通テスト頻出 和訳,標準,,次の英単語の意味として最も適切なものを選びなさい: remove,～を取り去る,〜を代表する,特徴,視力,不可欠な,特定する,〜を暴露する,～と主張する,1,remove は「～を取り去る」という意味で使われます。,環境,4,true
commonimportant_ja_0109,英語,英単語 共通テスト頻出 和訳,標準,,次の英単語の意味として最も適切なものを選びなさい: benefit,利点,〜を注ぐ,〜を見捨てる,急速な,証拠,多数の,度,苦労する,1,benefit は「利点」という意味で使われます。,経済,4,true
commonimportant_ja_0110,英語,英単語 共通テスト頻出 和訳,標準,,次の英単語の意味として最も適切なものを選びなさい: previous,前の,概念,様々な,異なる,個人の,～を包む,～を比較する,～を求める,1,previous は「前の」という意味で使われます。,経済,4,true
commonimportant_ja_0111,英語,英単語 共通テスト頻出 和訳,標準,,次の英単語の意味として最も適切なものを選びなさい: passage,一節,病気,迷惑をかける,代替案,〜に抵抗する,～を創造する,～を調査する,出会い,1,passage は「一節」という意味で使われます。,経済,4,true
commonimportant_ja_0112,英語,英単語 共通テスト頻出 和訳,標準,,次の英単語の意味として最も適切なものを選びなさい: achieve,～を達成する,～に影響を与える,特定の,著者,問題,〜を決める,～を採用する,基本的な,1,achieve は「～を達成する」という意味で使われます。,経済,4,true
commonimportant_ja_0113,英語,英単語 共通テスト頻出 和訳,標準,,次の英単語の意味として最も適切なものを選びなさい: decline,減少,含む,〜を避ける,職業,きわめて重要な,〜を見積もる,〜を予測する,〜を取り囲む,1,decline は「減少」という意味で使われます。,IT,4,true
commonimportant_ja_0114,英語,英単語 共通テスト頻出 和訳,標準,,次の英単語の意味として最も適切なものを選びなさい: employ,～を雇う,含む,主張する,気づいている,さえぎる,貢献する,〜に感謝する,影響,1,employ は「～を雇う」という意味で使われます。,経済,4,true
commonimportant_ja_0115,英語,英単語 共通テスト頻出 和訳,標準,,次の英単語の意味として最も適切なものを選びなさい: recognize,〜が誰だかわかる,～を促す,参加する,～と一緒に行く,元,～を発見する,～を尊敬する,古代の,1,recognize は「〜が誰だかわかる」という意味で使われます。,環境,4,true
commonimportant_ja_0116,英語,英単語 共通テスト頻出 和訳,標準,,次の英単語の意味として最も適切なものを選びなさい: sensitive,敏感な,生じる,積極的な,〜に専念する,ある特定の,示す,用地,〜するつもりだ,1,sensitive は「敏感な」という意味で使われます。,経済,4,true
commonimportant_ja_0117,英語,英単語 共通テスト頻出 和訳,標準,,次の英単語の意味として最も適切なものを選びなさい: lack,不足,〜を分ける,～を無視する,施設,さもなければ,人口,〜を予期する,〜を操作する,1,lack は「不足」という意味で使われます。,環境,4,true
commonimportant_ja_0118,英語,英単語 共通テスト頻出 和訳,標準,,次の英単語の意味として最も適切なものを選びなさい: value,価値,集中する,大気,装置,十分な,～を伸ばす,ためらう,政府,1,value は「価値」という意味で使われます。,経済,4,true
commonimportant_ja_0119,英語,英単語 共通テスト頻出 和訳,標準,,次の英単語の意味として最も適切なものを選びなさい: represent,〜を代表する,特徴,生の,利益,側面,〜を展示する,主要な,〜に取って代わる,1,represent は「〜を代表する」という意味で使われます。,環境,4,true
commonimportant_ja_0120,英語,英単語 共通テスト頻出 和訳,標準,,次の英単語の意味として最も適切なものを選びなさい: pour,〜を注ぐ,〜を見捨てる,～を組み合わせる,表面,莫大な,〜を扱う,正確な,役割,1,pour は「〜を注ぐ」という意味で使われます。,IT,4,true
commonimportant_ja_0121,英語,英単語 共通テスト頻出 和訳,標準,,次の英単語の意味として最も適切なものを選びなさい: concept,概念,様々な,〜を捕らえる,強いる,最終的に,～を好む,苦しむ,〜に気づく,1,concept は「概念」という意味で使われます。,IT,4,true
commonimportant_ja_0122,英語,英単語 共通テスト頻出 和訳,標準,,次の英単語の意味として最も適切なものを選びなさい: disease,病気,迷惑をかける,〜を引き出す,調査,とても小さな,～を保護する,確信している,〜を引きつける,1,disease は「病気」という意味で使われます。,経済,4,true
commonimportant_ja_0123,英語,英単語 共通テスト頻出 和訳,標準,,次の英単語の意味として最も適切なものを選びなさい: affect,～に影響を与える,特定の,～を確認する,機会,厳しい,凍る,～を示す,記事,1,affect は「～に影響を与える」という意味で使われます。,経済,4,true
commonimportant_ja_0124,英語,英単語 共通テスト頻出 和訳,標準,,次の英単語の意味として最も適切なものを選びなさい: contain,含む,〜を避ける,種,地域,～を非難する,返答する,～を解放する,回復する,1,contain は「含む」という意味で使われます。,IT,4,true
commonimportant_ja_0125,英語,英単語 共通テスト頻出 和訳,標準,,次の英単語の意味として最も適切なものを選びなさい: involve,含む,主張する,視力,同等のもの,見方,否定的な,〜を示す,～を断る,1,involve は「含む」という意味で使われます。,環境,4,true
commonimportant_ja_0126,英語,英単語 共通テスト頻出 和訳,標準,,次の英単語の意味として最も適切なものを選びなさい: encourage,～を促す,参加する,急速な,主要な,〜を区別する,失敗する,～を得る,～を含む,1,encourage は「～を促す」という意味で使われます。,経済,4,true
commonimportant_ja_0127,英語,英単語 共通テスト頻出 和訳,標準,,次の英単語の意味として最も適切なものを選びなさい: occur,生じる,積極的な,異なる,利点,要因,〜を展示する,～に食べ物を与える,〜を向上させる,1,occur は「生じる」という意味で使われます。,環境,4,true
commonimportant_ja_0128,英語,英単語 共通テスト頻出 和訳,標準,,次の英単語の意味として最も適切なものを選びなさい: divide,〜を分ける,～を無視する,代替案,厳しい,～と結論を下す,～を破壊する,～を許可する,当てはまる,1,divide は「〜を分ける」という意味で使われます。,経済,4,true
commonimportant_ja_0129,英語,英単語 共通テスト頻出 和訳,標準,,次の英単語の意味として最も適切なものを選びなさい: concentrate,集中する,大気,著者,〜をほのめかす,～を計算する,引退する,仕事,〜を納得させる,1,concentrate は「集中する」という意味で使われます。,IT,4,true
commonimportant_ja_0130,英語,英単語 共通テスト頻出 和訳,標準,,次の英単語の意味として最も適切なものを選びなさい: feature,特徴,生の,職業,～に影響を及ぼす,現代の,重要な,態度,書類,1,feature は「特徴」という意味で使われます。,IT,4,true
commonimportant_ja_0131,英語,英単語 共通テスト頻出 和訳,標準,,次の英単語の意味として最も適切なものを選びなさい: abandon,〜を見捨てる,～を組み合わせる,気づいている,不可欠な,～を変える,複雑な,理想的な,～を延長する,1,abandon は「〜を見捨てる」という意味で使われます。,環境,4,true
commonimportant_ja_0132,英語,英単語 共通テスト頻出 和訳,標準,,次の英単語の意味として最も適切なものを選びなさい: various,様々な,〜を捕らえる,～と一緒に行く,証拠,年に１度の,〜に借りがある,～を解決する,扱う,1,various は「様々な」という意味で使われます。,環境,4,true
commonimportant_ja_0133,英語,英単語 共通テスト頻出 和訳,標準,,次の英単語の意味として最も適切なものを選びなさい: bother,迷惑をかける,〜を引き出す,〜に専念する,個人の,行動,適切な,楽しい,維持する,1,bother は「迷惑をかける」という意味で使われます。,経済,4,true
commonimportant_ja_0134,英語,英単語 共通テスト頻出 和訳,標準,,次の英単語の意味として最も適切なものを選びなさい: specific,特定の,～を確認する,施設,〜に抵抗する,結果,～を観察する,〜を認める,〜を防ぐ,1,specific は「特定の」という意味で使われます。,IT,4,true
commonimportant_ja_0135,英語,英単語 共通テスト頻出 和訳,発展,,次の英単語の意味として最も適切なものを選びなさい: avoid,〜を避ける,種,装置,問題,目に見える,試み,～について言及する,拡大する,1,avoid は「〜を避ける」という意味で使われます。,環境,4,true
commonimportant_ja_0136,英語,英単語 共通テスト頻出 和訳,発展,,次の英単語の意味として最も適切なものを選びなさい: insist,主張する,視力,利益,きわめて重要な,気前のよい,～を信頼する,能率的な,利用可能な,1,insist は「主張する」という意味で使われます。,環境,4,true
commonimportant_ja_0137,英語,英単語 共通テスト頻出 和訳,発展,,次の英単語の意味として最も適切なものを選びなさい: participate,参加する,急速な,表面,さえぎる,特定する,〜を確立する,要求,年上の,1,participate は「参加する」という意味で使われます。,IT,4,true
commonimportant_ja_0138,英語,英単語 共通テスト頻出 和訳,発展,,次の英単語の意味として最も適切なものを選びなさい: active,積極的な,異なる,強いる,元,多数の,称賛する,～を測る,吸収する,1,active は「積極的な」という意味で使われます。,環境,4,true
commonimportant_ja_0139,英語,英単語 共通テスト頻出 和訳,発展,,次の英単語の意味として最も適切なものを選びなさい: ignore,～を無視する,代替案,調査,ある特定の,～を包む,～を推薦する,化学物質,存在する,1,ignore は「～を無視する」という意味で使われます。,経済,4,true
commonimportant_ja_0140,英語,英単語 共通テスト頻出 和訳,発展,,次の英単語の意味として最も適切なものを選びなさい: atmosphere,大気,著者,機会,さもなければ,～を創造する,独特の,〜を説明する,身体的な,1,atmosphere は「大気」という意味で使われます。,環境,4,true
commonimportant_ja_0141,英語,英単語 共通テスト頻出 和訳,発展,,次の英単語の意味として最も適切なものを選びなさい: raw,生の,職業,地域,十分な,〜を決める,たくましい,材料,～を取り去る,1,raw は「生の」という意味で使われます。,環境,4,true
commonimportant_ja_0142,英語,英単語 共通テスト頻出 和訳,発展,,次の英単語の意味として最も適切なものを選びなさい: combine,～を組み合わせる,気づいている,同等のもの,側面,〜を見積もる,〜を探検する,〜を提供する,利点,1,combine は「～を組み合わせる」という意味で使われます。,IT,4,true
commonimportant_ja_0143,英語,英単語 共通テスト頻出 和訳,発展,,次の英単語の意味として最も適切なものを選びなさい: capture,〜を捕らえる,～と一緒に行く,主要な,莫大な,貢献する,〜を暴露する,成功する,前の,1,capture は「〜を捕らえる」という意味で使われます。,環境,4,true
commonimportant_ja_0144,英語,英単語 共通テスト頻出 和訳,発展,,次の英単語の意味として最も適切なものを選びなさい: withdraw,〜を引き出す,〜に専念する,利点,最終的に,～を発見する,度,～を反射する,一節,1,withdraw は「〜を引き出す」という意味で使われます。,IT,4,true
commonimportant_ja_0145,英語,英単語 共通テスト頻出 和訳,発展,,次の英単語の意味として最も適切なものを選びなさい: confirm,～を確認する,施設,厳しい,とても小さな,示す,～を比較する,例,～を達成する,1,confirm は「～を確認する」という意味で使われます。,環境,4,true
commonimportant_ja_0146,英語,英単語 共通テスト頻出 和訳,発展,,次の英単語の意味として最も適切なものを選びなさい: species,種,装置,〜をほのめかす,厳しい,人口,～を調査する,〜を示唆する,減少,1,species は「種」という意味で使われます。,環境,4,true
commonimportant_ja_0147,英語,英単語 共通テスト頻出 和訳,発展,,次の英単語の意味として最も適切なものを選びなさい: vision,視力,利益,～に影響を及ぼす,～を非難する,～を伸ばす,～を採用する,～を認識する,～を雇う,1,vision は「視力」という意味で使われます。,IT,4,true
commonimportant_ja_0148,英語,英単語 共通テスト頻出 和訳,発展,,次の英単語の意味として最も適切なものを選びなさい: rapid,急速な,表面,不可欠な,見方,〜を展示する,〜を予測する,〜を必要とする,〜が誰だかわかる,1,rapid は「急速な」という意味で使われます。,環境,4,true
commonimportant_ja_0149,英語,英単語 共通テスト頻出 和訳,発展,,次の英単語の意味として最も適切なものを選びなさい: differ,異なる,強いる,証拠,〜を区別する,〜を扱う,〜に感謝する,～と主張する,敏感な,1,differ は「異なる」という意味で使われます。,環境,4,true
commonimportant_ja_0150,英語,英単語 共通テスト頻出 和訳,発展,,次の英単語の意味として最も適切なものを選びなさい: alternative,代替案,調査,個人の,要因,～を好む,～を尊敬する,苦労する,不足,1,alternative は「代替案」という意味で使われます。,IT,4,true
commonimportant_ja_0151,英語,英単語 共通テスト頻出 和訳,発展,,次の英単語の意味として最も適切なものを選びなさい: author,著者,機会,〜に抵抗する,～と結論を下す,～を保護する,用地,～を求める,価値,1,author は「著者」という意味で使われます。,経済,5,true
commonimportant_ja_0152,英語,英単語 共通テスト頻出 和訳,発展,,次の英単語の意味として最も適切なものを選びなさい: occupation,職業,地域,問題,～を計算する,凍る,〜を予期する,出会い,〜を代表する,1,occupation は「職業」という意味で使われます。,環境,5,true
commonimportant_ja_0153,英語,英単語 共通テスト頻出 和訳,発展,,次の英単語の意味として最も適切なものを選びなさい: aware,気づいている,同等のもの,きわめて重要な,現代の,返答する,ためらう,基本的な,〜を注ぐ,1,aware は「気づいている」という意味で使われます。,環境,5,true
commonimportant_ja_0154,英語,英単語 共通テスト頻出 和訳,発展,,次の英単語の意味として最も適切なものを選びなさい: accompany,～と一緒に行く,主要な,さえぎる,～を変える,否定的な,〜を取り囲む,概念,〜をほのめかす,1,accompany は「～と一緒に行く」という意味で使われます。,経済,5,true
commonimportant_ja_0155,英語,英単語 共通テスト頻出 和訳,発展,,次の英単語の意味として最も適切なものを選びなさい: commit,〜に専念する,利点,元,年に１度の,失敗する,正確な,影響,病気,1,commit は「〜に専念する」という意味で使われます。,IT,5,true
commonimportant_ja_0156,英語,英単語 共通テスト頻出 和訳,発展,,次の英単語の意味として最も適切なものを選びなさい: facility,施設,厳しい,ある特定の,行動,〜を展示する,苦しむ,古代の,～に影響を与える,1,facility は「施設」という意味で使われます。,IT,5,true
commonimportant_ja_0157,英語,英単語 共通テスト頻出 和訳,発展,,次の英単語の意味として最も適切なものを選びなさい: device,装置,〜をほのめかす,さもなければ,結果,～を破壊する,確信している,〜するつもりだ,含む,1,device は「装置」という意味で使われます。,IT,5,true
commonimportant_ja_0158,英語,英単語 共通テスト頻出 和訳,発展,,次の英単語の意味として最も適切なものを選びなさい: profit,利益,～に影響を及ぼす,十分な,目に見える,引退する,～を示す,〜を操作する,含む,1,profit は「利益」という意味で使われます。,経済,5,true
commonimportant_ja_0159,英語,英単語 共通テスト頻出 和訳,発展,,次の英単語の意味として最も適切なものを選びなさい: surface,表面,不可欠な,側面,気前のよい,重要な,～を解放する,政府,～を促す,1,surface は「表面」という意味で使われます。,IT,5,true
commonimportant_ja_0160,英語,英単語 共通テスト頻出 和訳,発展,,次の英単語の意味として最も適切なものを選びなさい: force,強いる,証拠,莫大な,特定する,複雑な,〜を示す,〜に取って代わる,生じる,1,force は「強いる」という意味で使われます。,経済,5,true
commonimportant_ja_0161,英語,英単語 共通テスト頻出 和訳,発展,,次の英単語の意味として最も適切なものを選びなさい: survey,調査,個人の,最終的に,多数の,〜に借りがある,～を得る,役割,〜を分ける,1,survey は「調査」という意味で使われます。,経済,5,true
commonimportant_ja_0162,英語,英単語 共通テスト頻出 和訳,発展,,次の英単語の意味として最も適切なものを選びなさい: opportunity,機会,〜に抵抗する,とても小さな,～を包む,適切な,～に食べ物を与える,〜に気づく,集中する,1,opportunity は「機会」という意味で使われます。,環境,5,true
commonimportant_ja_0163,英語,英単語 共通テスト頻出 和訳,発展,,次の英単語の意味として最も適切なものを選びなさい: region,地域,問題,厳しい,～を創造する,～を観察する,～を許可する,〜を引きつける,特徴,1,region は「地域」という意味で使われます。,環境,5,true
commonimportant_ja_0164,英語,英単語 共通テスト頻出 和訳,発展,,次の英単語の意味として最も適切なものを選びなさい: equivalent,同等のもの,きわめて重要な,～を非難する,〜を決める,試み,仕事,記事,〜を見捨てる,1,equivalent は「同等のもの」という意味で使われます。,環境,5,true
commonimportant_ja_0165,英語,英単語 共通テスト頻出 和訳,発展,,次の英単語の意味として最も適切なものを選びなさい: primary,主要な,さえぎる,見方,〜を見積もる,～を信頼する,態度,回復する,様々な,1,primary は「主要な」という意味で使われます。,IT,5,true
commonimportant_ja_0166,英語,英単語 共通テスト頻出 和訳,発展,,次の英単語の意味として最も適切なものを選びなさい: advantage,利点,元,〜を区別する,貢献する,〜を確立する,理想的な,～を断る,迷惑をかける,1,advantage は「利点」という意味で使われます。,環境,5,true
commonimportant_ja_0167,英語,英単語 共通テスト頻出 和訳,発展,,次の英単語の意味として最も適切なものを選びなさい: strict,厳しい,ある特定の,要因,～を発見する,称賛する,～を解決する,～を含む,特定の,1,strict は「厳しい」という意味で使われます。,経済,5,true
commonimportant_ja_0168,英語,英単語 共通テスト頻出 和訳,発展,,次の英単語の意味として最も適切なものを選びなさい: imply,〜をほのめかす,さもなければ,～と結論を下す,示す,～を推薦する,楽しい,〜を向上させる,〜を避ける,1,imply は「〜をほのめかす」という意味で使われます。,環境,5,true
commonimportant_ja_0169,英語,英単語 共通テスト頻出 和訳,発展,,次の英単語の意味として最も適切なものを選びなさい: influence,～に影響を及ぼす,十分な,～を計算する,人口,独特の,〜を認める,当てはまる,主張する,1,influence は「～に影響を及ぼす」という意味で使われます。,経済,5,true
commonimportant_ja_0170,英語,英単語 共通テスト頻出 和訳,発展,,次の英単語の意味として最も適切なものを選びなさい: essential,不可欠な,側面,現代の,～を伸ばす,たくましい,～について言及する,〜を納得させる,参加する,1,essential は「不可欠な」という意味で使われます。,経済,5,true
commonimportant_ja_0171,英語,英単語 共通テスト頻出 和訳,発展,,次の英単語の意味として最も適切なものを選びなさい: evidence,証拠,莫大な,～を変える,〜を展示する,〜を探検する,能率的な,書類,積極的な,1,evidence は「証拠」という意味で使われます。,IT,5,true
commonimportant_ja_0172,英語,英単語 共通テスト頻出 和訳,発展,,次の英単語の意味として最も適切なものを選びなさい: individual,個人の,最終的に,年に１度の,〜を扱う,〜を暴露する,要求,～を延長する,～を無視する,1,individual は「個人の」という意味で使われます。,環境,5,true
commonimportant_ja_0173,英語,英単語 共通テスト頻出 和訳,発展,,次の英単語の意味として最も適切なものを選びなさい: resist,〜に抵抗する,とても小さな,行動,～を好む,度,～を測る,扱う,大気,1,resist は「〜に抵抗する」という意味で使われます。,環境,5,true
commonimportant_ja_0174,英語,英単語 共通テスト頻出 和訳,発展,,次の英単語の意味として最も適切なものを選びなさい: issue,問題,厳しい,結果,～を保護する,～を比較する,化学物質,維持する,生の,1,issue は「問題」という意味で使われます。,IT,5,true
commonimportant_ja_0175,英語,英単語 共通テスト頻出 和訳,発展,,次の英単語の意味として最も適切なものを選びなさい: vital,きわめて重要な,～を非難する,目に見える,凍る,～を調査する,〜を説明する,〜を防ぐ,～を組み合わせる,1,vital は「きわめて重要な」という意味で使われます。,IT,5,true
commonimportant_ja_0176,英語,英単語 共通テスト頻出 和訳,発展,,次の英単語の意味として最も適切なものを選びなさい: interrupt,さえぎる,見方,気前のよい,返答する,～を採用する,材料,拡大する,〜を捕らえる,1,interrupt は「さえぎる」という意味で使われます。,環境,5,true
commonimportant_ja_0177,英語,英単語 共通テスト頻出 和訳,発展,,次の英単語の意味として最も適切なものを選びなさい: former,元,〜を区別する,特定する,否定的な,〜を予測する,〜を提供する,利用可能な,〜を引き出す,1,former は「元」という意味で使われます。,環境,5,true
commonimportant_ja_0178,英語,英単語 共通テスト頻出 和訳,発展,,次の英単語の意味として最も適切なものを選びなさい: particular,ある特定の,要因,多数の,失敗する,〜に感謝する,成功する,年上の,～を確認する,1,particular は「ある特定の」という意味で使われます。,経済,5,true
commonimportant_ja_0179,英語,英単語 共通テスト頻出 和訳,発展,,次の英単語の意味として最も適切なものを選びなさい: otherwise,さもなければ,～と結論を下す,～を包む,〜を展示する,～を尊敬する,～を反射する,吸収する,種,1,otherwise は「さもなければ」という意味で使われます。,経済,5,true
commonimportant_ja_0180,英語,英単語 共通テスト頻出 和訳,発展,,次の英単語の意味として最も適切なものを選びなさい: sufficient,十分な,～を計算する,～を創造する,～を破壊する,用地,例,存在する,視力,1,sufficient は「十分な」という意味で使われます。,IT,5,true
commonimportant_ja_0181,英語,英単語 共通テスト頻出 和訳,発展,,次の英単語の意味として最も適切なものを選びなさい: aspect,側面,現代の,〜を決める,引退する,〜を予期する,〜を示唆する,身体的な,急速な,1,aspect は「側面」という意味で使われます。,IT,5,true
commonimportant_ja_0182,英語,英単語 共通テスト頻出 和訳,発展,,次の英単語の意味として最も適切なものを選びなさい: enormous,莫大な,～を変える,〜を見積もる,重要な,ためらう,～を認識する,～を取り去る,異なる,1,enormous は「莫大な」という意味で使われます。,環境,5,true
commonimportant_ja_0183,英語,英単語 共通テスト頻出 和訳,発展,,次の英単語の意味として最も適切なものを選びなさい: eventually,最終的に,年に１度の,貢献する,複雑な,主要な,〜を必要とする,利点,代替案,1,eventually は「最終的に」という意味で使われます。,経済,5,true
commonimportant_ja_0184,英語,英単語 共通テスト頻出 和訳,発展,,次の英単語の意味として最も適切なものを選びなさい: tiny,とても小さな,行動,～を発見する,〜に借りがある,正確な,～と主張する,前の,著者,1,tiny は「とても小さな」という意味で使われます。,経済,5,true
commonimportant_ja_0185,英語,英単語 共通テスト頻出 和訳,発展,,次の英単語の意味として最も適切なものを選びなさい: severe,厳しい,結果,示す,適切な,苦しむ,苦労する,一節,職業,1,severe は「厳しい」という意味で使われます。,経済,5,true
commonimportant_ja_0186,英語,英単語 共通テスト頻出 和訳,発展,,次の英単語の意味として最も適切なものを選びなさい: accuse,～を非難する,目に見える,人口,～を観察する,確信している,～を求める,～を達成する,気づいている,1,accuse は「～を非難する」という意味で使われます。,IT,5,true
commonimportant_ja_0187,英語,英単語 共通テスト頻出 和訳,発展,,次の英単語の意味として最も適切なものを選びなさい: perspective,見方,気前のよい,～を伸ばす,試み,～を示す,出会い,減少,～と一緒に行く,1,perspective は「見方」という意味で使われます。,環境,5,true
commonimportant_ja_0188,英語,英単語 共通テスト頻出 和訳,発展,,次の英単語の意味として最も適切なものを選びなさい: distinguish,〜を区別する,特定する,〜を展示する,～を信頼する,～を解放する,基本的な,～を雇う,〜に専念する,1,distinguish は「〜を区別する」という意味で使われます。,IT,5,true
commonimportant_ja_0189,英語,英単語 共通テスト頻出 和訳,発展,,次の英単語の意味として最も適切なものを選びなさい: factor,要因,多数の,〜を扱う,〜を確立する,〜を示す,〜を取り囲む,〜が誰だかわかる,施設,1,factor は「要因」という意味で使われます。,環境,5,true
commonimportant_ja_0190,英語,英単語 共通テスト頻出 和訳,発展,,次の英単語の意味として最も適切なものを選びなさい: conclude,～と結論を下す,～を包む,～を好む,称賛する,～を得る,影響,敏感な,装置,1,conclude は「～と結論を下す」という意味で使われます。,経済,5,true
commonimportant_ja_0191,英語,英単語 共通テスト頻出 和訳,発展,,次の英単語の意味として最も適切なものを選びなさい: calculate,～を計算する,～を創造する,～を保護する,～を推薦する,～に食べ物を与える,古代の,不足,利益,1,calculate は「～を計算する」という意味で使われます。,環境,5,true
commonimportant_ja_0192,英語,英単語 共通テスト頻出 和訳,発展,,次の英単語の意味として最も適切なものを選びなさい: contemporary,現代の,〜を決める,凍る,独特の,～を許可する,〜するつもりだ,価値,表面,1,contemporary は「現代の」という意味で使われます。,IT,5,true
commonimportant_ja_0193,英語,英単語 共通テスト頻出 和訳,発展,,次の英単語の意味として最も適切なものを選びなさい: alter,～を変える,〜を見積もる,返答する,たくましい,仕事,〜を操作する,〜を代表する,強いる,1,alter は「～を変える」という意味で使われます。,経済,5,true
commonimportant_ja_0194,英語,英単語 共通テスト頻出 和訳,発展,,次の英単語の意味として最も適切なものを選びなさい: annual,年に１度の,貢献する,否定的な,〜を探検する,態度,政府,〜を注ぐ,調査,1,annual は「年に１度の」という意味で使われます。,環境,5,true
commonimportant_ja_0195,英語,英単語 共通テスト頻出 和訳,発展,,次の英単語の意味として最も適切なものを選びなさい: conduct,行動,～を発見する,失敗する,〜を暴露する,理想的な,〜に取って代わる,概念,機会,1,conduct は「行動」という意味で使われます。,経済,5,true
commonimportant_ja_0196,英語,英単語 共通テスト頻出 和訳,発展,,次の英単語の意味として最も適切なものを選びなさい: outcome,結果,示す,〜を展示する,度,～を解決する,役割,病気,地域,1,outcome は「結果」という意味で使われます。,経済,5,true
commonimportant_ja_0197,英語,英単語 共通テスト頻出 和訳,発展,,次の英単語の意味として最も適切なものを選びなさい: visible,目に見える,人口,～を破壊する,～を比較する,楽しい,〜に気づく,～に影響を与える,同等のもの,1,visible は「目に見える」という意味で使われます。,環境,5,true
commonimportant_ja_0198,英語,英単語 共通テスト頻出 和訳,発展,,次の英単語の意味として最も適切なものを選びなさい: generous,気前のよい,～を伸ばす,引退する,～を調査する,〜を認める,〜を引きつける,含む,主要な,1,generous は「気前のよい」という意味で使われます。,経済,5,true
commonimportant_ja_0199,英語,英単語 共通テスト頻出 和訳,発展,,次の英単語の意味として最も適切なものを選びなさい: identify,特定する,〜を展示する,重要な,～を採用する,～について言及する,記事,含む,利点,1,identify は「特定する」という意味で使われます。,経済,5,true
commonimportant_ja_0200,英語,英単語 共通テスト頻出 和訳,発展,,次の英単語の意味として最も適切なものを選びなさい: multiple,多数の,〜を扱う,複雑な,〜を予測する,能率的な,回復する,～を促す,厳しい,1,multiple は「多数の」という意味で使われます。,環境,5,true
